,Keyword,Difficulty,Volume,CPC,Clicks,CPS,Return Rate,Parent Keyword,Last Update,SERP Features,Stemmed Keyword
0,hubspot,67.0,63000.0,5.0,59708.0,0.95,2.34,hubspot,2020-05-09 00:57:01,"Adwords top, Sitelinks, Top stories, Thumbnails, People also ask, Tweet box, Image pack",hubspot 
1,content meaning,45.0,4400.0,17.0,622.0,0.14,1.18,content,2020-05-10 06:32:24,"Knowledge card, People also ask, Top stories, Thumbnails",content mean 
2,hub spot,53.0,2600.0,7.0,1820.0,0.71,1.37,hubspot,2020-05-05 05:59:21,"Adwords top, Sitelinks, Top stories, Thumbnails, People also ask, Tweet box",hub spot 
3,climb online,3.0,1300.0,0.0,1228.0,0.95,1.2,climb online,2020-05-04 21:52:16,"Sitelinks, Top stories, Thumbnails",climb onlin 
4,company meaning,55.0,1200.0,0.0,158.0,0.13,1.11,مؤسسة,2020-05-08 16:52:22,"Knowledge card, People also ask, Sitelinks, Top stories, Thumbnails",compani mean 
5,digital marketing strategy,65.0,1200.0,9.0,1112.0,0.96,1.36,digital marketing strategy,2020-05-08 20:21:50,"Featured snippet, Thumbnails, People also ask, Sitelinks, Top stories, Adwords bottom",digit market strategi 
6,more definition,22.0,600.0,0.0,79.0,0.14,1.15,more,2020-05-09 16:34:04,"Knowledge card, Sitelinks, People also ask",more definit 
7,digital definition,34.0,500.0,1.9,89.0,0.18,1.06,digital,2020-05-09 07:11:07,"Knowledge card, People also ask, Top stories, Thumbnails",digit definit 
8,detailed online,0.0,450.0,,391.0,0.91,1.62,detailed online,2020-05-03 13:55:48,"Sitelinks, Top stories, Thumbnails",detail onlin 
9,digital technology definition,12.0,350.0,1.4,207.0,0.57,1.11,digital technology,2020-04-23 10:34:31,"Featured snippet, People also ask, Top stories, Thumbnails",digit technolog definit 
10,define numerous,21.0,300.0,0.0,17.0,0.06,1.16,numerous,2020-05-01 19:04:37,"Knowledge card, People also ask, Top stories, Thumbnails",defin numer 
11,online media,22.0,300.0,1.2,92.0,0.33,1.13,digital media,2020-04-26 07:13:11,"Sitelinks, People also ask, Top stories, Thumbnails",onlin media 
12,hibspot,67.0,300.0,2.0,265.0,0.82,1.7,hubspot,2020-04-28 19:35:38,"Adwords top, Sitelinks, Top stories, Thumbnails, People also ask, Tweet box, Image pack",hibspot 
13,www coast co uk,4.0,300.0,0.35,,,,coast,2020-04-16 15:46:51,Sitelinks,www coast co uk 
14,digital marketing specialist,1.0,250.0,5.0,125.0,0.53,1.14,digital marketing specialist,2020-04-17 06:52:02,"Adwords top, Sitelinks, People also ask, Adwords bottom",digit market specialist 
15,discuss the market,52.0,250.0,6.0,,,,discuss the market,2020-04-25 21:11:47,"Sitelinks, Top stories, Thumbnails",discuss the market 
16,hubsport,63.0,250.0,3.0,158.0,0.69,1.06,hubspot,2020-04-21 05:01:09,"Sitelinks, Top stories, Thumbnails, People also ask, Tweet box, Image pack",hubsport 
17,digital marketing agency near me,59.0,250.0,12.0,134.0,0.51,1.27,digital marketing agency,2020-05-07 19:24:04,,digit market agenc near me 
18,marketing companies near me,22.0,250.0,5.0,456.0,1.88,1.49,digital marketing agency london,2020-04-24 22:54:04,"Adwords top, Sitelinks, Adwords bottom",market compani near me 
19,internet marketing service,39.0,200.0,4.0,,,,digital marketing services,2020-04-14 02:30:47,"People also ask, Sitelinks",internet market servic 
20,regardless marketing,0.0,200.0,,211.0,1.04,1.5,regardless marketing,2020-05-04 07:36:25,,regardless market 
21,coast online,2.0,200.0,0.15,190.0,0.86,1.69,coast,2020-05-01 16:30:44,Sitelinks,coast onlin 
22,can definition,19.0,200.0,0.0,28.0,0.14,1.09,can,2020-05-01 08:25:22,"Knowledge card, Sitelinks, People also ask",can definit 
23,email meaning,29.0,200.0,0.35,23.0,0.12,1.14,definition of email,2020-05-02 09:05:41,"Knowledge card, People also ask, Sitelinks, Top stories, Thumbnails",email mean 
24,coast london,7.0,200.0,0.8,152.0,0.75,1.13,coast,2020-04-26 13:01:23,"Sitelinks, People also ask, Image pack",coast london 
25,coasr,42.0,150.0,0.25,89.0,0.55,1.1,coast,2020-04-29 23:11:46,"Sitelinks, People also ask, Top stories, Thumbnails",coasr 
26,coadt,43.0,150.0,0.15,111.0,0.75,1.07,coast,2020-05-01 03:16:24,Sitelinks,coadt 
27,define all,23.0,150.0,0.0,26.0,0.16,1.26,all,2020-04-28 09:46:15,"Knowledge card, Sitelinks, People also ask, Top stories, Thumbnails",defin all 
28,whats more,0.0,150.0,0.0,41.0,0.28,1.1,what's more,2020-04-26 16:57:16,"Knowledge card, People also ask, Top stories, Thumbnails",what more 
29,post meaning after,37.0,150.0,0.0,34.0,0.21,1.2,post,2020-05-01 14:52:01,"Featured snippet, People also ask, Videos",post mean after 
30,the who .com,77.0,150.0,1.3,,,,the who,2020-04-19 21:42:36,"Sitelinks, Top stories, Thumbnails",the who .com 
31,what's the time today,68.0,150.0,0.0,,,,time,2020-04-19 05:39:57,"Knowledge card, Sitelinks, People also ask",what 's the time today 
32,full fat pr,0.0,150.0,0.0,184.0,1.17,1.3,full fat,2020-04-30 15:45:29,"Sitelinks, Top stories, Thumbnails, Videos",full fat pr 
33,digital promotion,6.0,150.0,2.5,109.0,0.69,1.25,digital promotion,2020-05-08 23:54:42,"Featured snippet, People also ask, Videos",digit promot 
34,digital marketing examples,35.0,150.0,4.5,141.0,0.87,1.13,digital marketing,2020-04-25 11:17:09,"Adwords top, Sitelinks, Featured snippet, Thumbnails, People also ask",digit market exampl 
35,garish definition,9.0,150.0,0.0,28.0,0.17,1.1,garish,2020-05-04 01:27:31,"Knowledge card, People also ask, Videos",garish definit 
36,info meaning,4.0,150.0,0.0,54.0,0.32,1.11,info meaning,2020-04-28 02:17:15,"Knowledge card, People also ask, Videos",info mean 
37,who is website,95.0,150.0,0.8,202.0,1.25,1.12,whois,2020-04-22 17:23:17,Sitelinks,who is websit 
38,online marketing strategies,56.0,150.0,7.0,109.0,0.71,1.62,online marketing,2020-04-27 14:54:17,"Featured snippet, Thumbnails, People also ask, Top stories, Image pack",onlin market strategi 
39,who's definition,2.0,150.0,,21.0,0.15,1.13,who 's,2020-04-27 02:58:15,"Knowledge card, People also ask",who 's definit 
40,advertising agencies near me,32.0,150.0,4.0,,,,advertising agencies near me,2020-05-08 16:46:06,People also ask,advertis agenc near me 
41,digital media companies,25.0,150.0,4.0,162.0,1.23,1.43,american internet and media company,2020-04-29 08:37:33,"Featured snippet, People also ask",digit media compani 
42,whowhatwhy,17.0,150.0,0.0,,,,whowhatwhy,2020-04-25 19:07:23,"Sitelinks, Tweet box, Top stories, Thumbnails, Image pack, Videos",whowhatwhi 
43,website meaning,49.0,150.0,1.1,18.0,0.14,1.08,website - definition,2020-04-25 14:15:39,"Knowledge card, People also ask, Sitelinks",websit mean 
44,content marketing agency london,36.0,150.0,16.0,,,,content marketing agency,2020-04-30 01:56:51,"Featured snippet, Sitelinks",content market agenc london 
45,what is digital advertising,12.0,100.0,1.8,99.0,1.0,1.29,what is digital advertising,2020-05-08 01:19:59,"People also ask, Sitelinks, Top stories, Thumbnails",what is digit advertis 
46,definition of digital marketing,66.0,100.0,0.0,102.0,0.97,1.35,digital marketing,2020-04-21 08:06:04,"Sitelinks, People also ask, Top stories, Thumbnails",definit of digit market 
47,what does comprise mean,14.0,100.0,0.0,7.0,0.06,1.1,comprise,2020-04-23 01:17:28,"Knowledge card, People also ask, Top stories, Thumbnails",what doe compris mean 
48,hubspot marketing blog,79.0,100.0,0.0,,,,marketing blog,2020-04-17 04:19:42,"Sitelinks, Image pack",hubspot market blog 
49,ppc online,71.0,100.0,13.0,72.0,0.64,1.19,nhs prepayment card,2020-04-28 12:36:43,"People also ask, Top stories, Thumbnails",ppc onlin 
50,meaning of create,15.0,100.0,,,,,create,2020-05-03 07:08:20,"Knowledge card, People also ask",mean of creat 
51,like digital,1.0,100.0,,86.0,0.83,1.32,like digital,2020-05-06 07:16:55,"Sitelinks, Image pack, Top stories, Thumbnails",like digit 
52,online marketing strategy,62.0,100.0,6.0,,,,strategy internet marketing,2020-04-18 10:01:05,"Adwords top, Sitelinks, Featured snippet, People also ask, Top stories, Thumbnails, Image pack",onlin market strategi 
53,define services,13.0,100.0,,,,,service's,2020-05-05 23:20:15,"Knowledge card, People also ask, Sitelinks, Top stories, Thumbnails",defin servic 
54,digital marketing platforms,73.0,100.0,5.0,98.0,0.81,1.17,digital marketing platforms,2020-05-04 01:48:16,"Featured snippet, Thumbnails, People also ask, Sitelinks",digit market platform 
55,social media advertising agency,7.0,100.0,13.0,,,,social media advertising,2020-05-08 20:20:04,"Adwords top, Sitelinks, Adwords bottom",social media advertis agenc 
56,importance of digital marketing,40.0,100.0,4.5,100.0,0.86,1.17,role of digital marketing,2020-04-24 13:52:05,"Adwords top, Featured snippet, Thumbnails, People also ask",import of digit market 
57,caost,42.0,100.0,0.2,89.0,0.75,1.14,coast,2020-04-20 13:12:03,"Sitelinks, People also ask, Image pack, Top stories, Thumbnails",caost 
58,top digital marketing agencies london,22.0,100.0,14.0,211.0,1.74,1.29,digital marketing agency,2020-05-04 19:50:10,,top digit market agenc london 
59,web marketing services,23.0,100.0,7.0,,,,web marketing services,2020-04-17 15:02:19,"Adwords top, Sitelinks, People also ask, Adwords bottom",web market servic 
60,define in fact,3.0,100.0,,,,,infact,2020-04-18 10:56:19,"Knowledge card, People also ask",defin in fact 
61,what does according mean,5.0,100.0,0.0,22.0,0.19,1.13,according,2020-04-25 04:31:14,"Knowledge card, People also ask, Videos",what doe accord mean 
62,online marketing agency london,45.0,100.0,10.0,,,,digital marketing agency,2020-05-04 17:49:12,Sitelinks,onlin market agenc london 
63,internet marketing strategies,57.0,100.0,8.0,,,,internet marketing,2020-05-01 23:13:32,"Featured snippet, Thumbnails, People also ask, Top stories",internet market strategi 
64,trends definition in business,17.0,100.0,,,,,trends definition in business,2020-05-09 00:34:19,"Featured snippet, Thumbnails, People also ask, Videos",trend definit in busi 
65,define including,22.0,100.0,0.0,18.0,0.15,1.17,including,2020-04-25 20:36:21,"Knowledge card, People also ask, Sitelinks",defin includ 
66,define an english person,2.0,100.0,0.0,,,,define an english person,2020-05-05 01:37:11,,defin an english person 
67,hubstop,67.0,100.0,,,,,hubspot,2020-05-09 12:25:10,"Adwords top, Sitelinks, Top stories, Thumbnails, People also ask, Tweet box, Image pack",hubstop 
68,who what why,20.0,100.0,,64.0,0.54,1.0,5 ws,2020-04-22 17:39:50,"Sitelinks, People also ask, Videos, Tweet box, Image pack",who what whi 
69,marketing concept definition,19.0,100.0,1.6,,,,marketing concept,2020-04-25 13:00:23,"Featured snippet, Thumbnails, People also ask, Top stories",market concept definit 
70,what is a digital agency,11.0,100.0,8.0,52.0,0.43,1.07,what is a digital agency,2020-04-23 13:46:44,"Adwords top, Sitelinks, Featured snippet, Thumbnails, People also ask, Top stories",what is a digit agenc 
71,lucy definition,3.0,100.0,,,,,lucy definition,2020-04-15 18:16:50,"People also ask, Top stories, Thumbnails",luci definit 
72,coast website,61.0,90.0,0.2,,,,coast,2020-04-24 21:14:24,Sitelinks,coast websit 
73,lucy alexander age,4.0,90.0,,,,,lucy alexander,2020-04-26 20:37:18,"People also ask, Sitelinks",luci alexand age 
74,digital marketing strategies,64.0,90.0,12.0,107.0,1.19,1.13,marketing strategy,2020-04-17 11:58:50,"Featured snippet, Thumbnails, People also ask, Top stories",digit market strategi 
75,what does a digital marketer do,17.0,90.0,,,,,digital marketing,2020-04-15 14:45:05,"Adwords top, Sitelinks, Featured snippet, Thumbnails, People also ask, Top stories",what doe a digit market do 
76,define encompasses,9.0,90.0,0.0,9.0,0.1,1.15,encompass,2020-04-26 10:25:26,"Knowledge card, People also ask",defin encompass 
77,digital media agency london,51.0,90.0,9.0,,,,digital marketing agency,2020-04-21 23:30:45,,digit media agenc london 
78,essex digital awards,0.0,90.0,1.4,,,,essex digital awards,2020-04-23 12:35:02,Image pack,essex digit award 
79,get on with it meaning,0.0,90.0,0.0,,,,get on with it,2020-05-07 12:38:23,"Featured snippet, People also ask, Videos",get on with it mean 
80,what does comprised mean,22.0,90.0,0.0,,,,comprised,2020-04-21 05:24:47,"Knowledge card, People also ask",what doe compris mean 
81,edigital research,2.0,90.0,,,,,edigital research,2020-04-24 14:26:15,Sitelinks,edigit research 
82,social media marketing agency london,24.0,90.0,11.0,149.0,1.6,1.19,social media marketing agency,2020-04-16 19:45:03,"Adwords top, Sitelinks, Featured snippet, Adwords bottom",social media market agenc london 
83,define digital media,13.0,90.0,0.0,,,,digital media,2020-05-03 03:27:41,"Sitelinks, People also ask, Top stories, Thumbnails",defin digit media 
84,internet marketing services,34.0,90.0,14.0,,,,digital marketing services,2020-04-19 15:12:27,People also ask,internet market servic 
85,make it up to you meaning,0.0,90.0,0.0,22.0,0.24,1.21,make it up to you,2020-05-07 08:29:24,"Featured snippet, People also ask, Videos",make it up to you mean 
86,what is digital marketing strategy,33.0,80.0,4.0,56.0,0.65,1.05,digital marketing strategy,2020-04-14 11:23:40,"Featured snippet, Thumbnails, People also ask, Sitelinks, Top stories, Image pack",what is digit market strategi 
87,online definition,16.0,80.0,0.0,11.0,0.14,1.11,online,2020-04-30 12:33:37,"Knowledge card, People also ask, Sitelinks",onlin definit 
88,what is digital content,5.0,80.0,0.0,,,,what is digital content,2020-05-07 14:49:11,"People also ask, Sitelinks, Top stories, Thumbnails",what is digit content 
89,climb marketing,0.0,80.0,,,,,climb online,2020-04-17 00:31:31,"Sitelinks, Top stories, Thumbnails, Image pack",climb market 
90,email marketing agency london,8.0,80.0,15.0,,,,marketing email,2020-04-26 23:44:02,Featured snippet,email market agenc london 
91,digital platform definition,11.0,80.0,8.0,,,,digital platform definition,2020-04-16 09:04:48,"Adwords top, Sitelinks, Featured snippet, Thumbnails, People also ask",digit platform definit 
92,w hat,80.0,80.0,,,,,what,2020-04-19 18:20:11,"Image pack, Top stories, Thumbnails, Sitelinks, Shopping results",w hat 
93,digitales,42.0,80.0,,,,,digitales,2020-05-02 05:12:22,Sitelinks,digital 
94,digital marketing life cycle,0.0,80.0,15.0,,,,digital marketing life cycle,2020-04-14 13:04:01,"Featured snippet, Thumbnails, People also ask, Image pack, Videos, Top stories",digit market life cycl 
95,digital marketing agency essex,55.0,80.0,9.0,,,,absolute digital media,2020-04-16 06:52:01,"Adwords top, Sitelinks, Adwords bottom",digit market agenc essex 
96,best internet marketing company,45.0,80.0,,,,,best internet marketing company,2020-04-17 14:27:17,"Sitelinks, People also ask",best internet market compani 
97,business to business definition,51.0,70.0,0.0,,,,b2b,2020-04-21 04:22:37,"People also ask, Top stories, Thumbnails",busi to busi definit 
98,why digital marketing is important,43.0,70.0,1.3,,,,role of digital marketing,2020-05-10 12:35:02,"Featured snippet, Thumbnails, People also ask",whi digit market is import 
99,form digital,0.0,70.0,0.06,,,,form digital,2020-04-17 02:54:52,"Sitelinks, Image pack, Top stories, Thumbnails",form digit 
100,what is the marketing concept,24.0,70.0,0.0,,,,marketing concept,2020-04-18 13:10:15,"Featured snippet, Thumbnails, People also ask, Top stories, Image pack",what is the market concept 
101,online marketing definition,72.0,70.0,4.5,,,,online marketing,2020-05-02 07:22:00,"People also ask, Top stories, Thumbnails",onlin market definit 
102,social media marketing examples,58.0,70.0,5.0,,,,social media strategy example,2020-04-17 14:41:42,"Featured snippet, Thumbnails, People also ask",social media market exampl 
103,digital devices online,1.0,70.0,0.0,,,,digital devices,2020-04-24 17:46:48,"Sitelinks, Top stories, Thumbnails",digit devic onlin 
104,define digital technology,12.0,70.0,0.0,,,,digital technology,2020-04-14 21:02:17,"Featured snippet, People also ask",defin digit technolog 
105,impressions digital marketing,23.0,70.0,14.0,,,,digital marketing agency,2020-04-16 08:59:23,"Sitelinks, People also ask, Top stories, Thumbnails",impress digit market 
106,search social media by email,36.0,70.0,0.6,,,,username search,2020-04-15 22:39:32,"Adwords top, Featured snippet, Thumbnails, People also ask",search social media by email 
107,full service marketing agency,8.0,70.0,8.0,,,,full service agency,2020-04-20 03:06:45,People also ask,full servic market agenc 
108,define increasing,26.0,70.0,,,,,increase,2020-04-19 07:05:47,"Knowledge card, People also ask, Top stories, Thumbnails",defin increas 
109,performance marketing agency,48.0,70.0,7.0,,,,digital marketing agency,2020-05-08 03:10:38,Sitelinks,perform market agenc 
110,online services definition,1.0,70.0,0.0,,,,what is online services,2020-05-09 06:29:57,People also ask,onlin servic definit 
111,how to do online marketing,68.0,60.0,3.5,,,,online marketing,2020-04-17 01:06:15,"Adwords top, Sitelinks, Featured snippet, People also ask, Top stories, Thumbnails",how to do onlin market 
112,digital.co.uk,35.0,60.0,,,,,digital.co.uk,2020-04-15 01:29:59,Sitelinks,digital.co.uk 
113,examples of digital media,9.0,60.0,0.02,,,,digital media examples,2020-04-27 11:46:15,"Featured snippet, Thumbnails, People also ask, Top stories",exampl of digit media 
114,marketers or marketeers,3.0,60.0,,,,,marketeer,2020-05-10 01:00:19,"Featured snippet, Thumbnails, People also ask, Top stories",market or market 
115,uses of internet in business,6.0,60.0,2.5,,,,uses of internet in business,2020-04-16 10:34:32,"Featured snippet, Thumbnails, People also ask, Image pack",use of internet in busi 
116,internet marketing bristol,53.0,60.0,0.0,,,,digirank,2020-05-04 04:12:27,Sitelinks,internet market bristol 
117,social media marketing companies london,24.0,60.0,7.0,,,,social media agency,2020-04-19 08:24:12,"Adwords top, Sitelinks, Adwords bottom",social media market compani london 
118,how to find out if a company is still in business,10.0,60.0,,,,,company insolvency register,2020-04-19 22:21:47,People also ask,how to find out if a compani is still in busi 
119,what does entails mean,11.0,60.0,0.0,,,,entail,2020-04-17 23:44:24,"Knowledge card, People also ask",what doe entail mean 
120,lucy online free,2.0,60.0,0.0,,,,watch lucy online free,2020-04-17 19:02:30,"Knowledge card, Top stories, Thumbnails, Adwords bottom, Sitelinks",luci onlin free 
121,internet marketing company uk,48.0,60.0,,,,,digital marketing agency,2020-04-14 14:51:33,"Featured snippet, Thumbnails, Sitelinks",internet market compani uk 
122,understanding digital marketing: marketing strategies for engaging the digital generation,1.0,60.0,,,,,understanding digital marketing,2020-05-10 12:24:50,"Top stories, Thumbnails, Image pack",understand digit market : market strategi for engag the digit gener 
123,creative agency essex,26.0,60.0,2.5,,,,design agency essex,2020-05-09 03:06:27,"Adwords top, Sitelinks, Adwords bottom",creativ agenc essex 
124,hubspor,63.0,60.0,,,,,hubspot,2020-04-20 15:43:26,"Adwords top, Sitelinks, Top stories, Thumbnails, People also ask, Tweet box, Image pack",hubspor 
125,digital media company,50.0,60.0,,,,,dms,2020-04-16 11:46:09,"People also ask, Adwords bottom, Sitelinks",digit media compani 
126,areas of marketing,17.0,60.0,0.0,,,,areas of marketing,2020-05-06 04:55:48,"Featured snippet, People also ask, Sitelinks, Image pack",area of market 
127,digital advertising agency london,47.0,60.0,8.0,,,,digital agency,2020-04-25 09:49:43,"Featured snippet, Thumbnails",digit advertis agenc london 
128,web design company nottingham,43.0,60.0,7.0,,,,web design nottingham,2020-05-05 18:07:19,"Adwords bottom, Sitelinks",web design compani nottingham 
129,coast head office london,5.0,60.0,0.8,,,,coast customer services,2020-04-15 05:26:58,,coast head offic london 
130,digital marketing methods,67.0,60.0,1.6,,,,digital marketing strategy,2020-05-07 23:24:30,"Featured snippet, Thumbnails, People also ask, Image pack",digit market method 
131,بازاریابی,8.0,60.0,,,,,بازاریابی,2020-04-19 20:56:28,Sitelinks,بازاریابی 
132,introduction to digital marketing,51.0,60.0,7.0,,,,google certification,2020-04-18 10:47:53,"Featured snippet, Top stories, Thumbnails, Sitelinks, People also ask",introduct to digit market 
133,like who what what what where,0.0,60.0,,,,,who and what and where song,2020-05-03 16:48:26,"Top stories, Thumbnails, Videos",like who what what what where 
134,elements of internet marketing,1.0,60.0,4.5,,,,elements of internet marketing,2020-05-04 14:43:40,"Featured snippet, Thumbnails, People also ask",element of internet market 
135,digital sales,0.0,60.0,0.0,20.0,0.37,1.12,digital sales,2020-05-07 11:16:51,"Featured snippet, People also ask, Top stories, Thumbnails, Image pack",digit sale 
136,how to become a digital marketer,15.0,60.0,5.0,,,,how to become a digital marketer,2020-05-09 13:35:38,"Adwords top, Sitelinks, Featured snippet, Thumbnails, People also ask, Top stories, Adwords bottom",how to becom a digit market 
137,fundamentals of digital marketing,8.0,60.0,,,,,google certification,2020-04-14 23:18:06,"Adwords top, Sitelinks, People also ask, Top stories, Thumbnails, Image pack",fundament of digit market 
138,what are digital channels,19.0,60.0,,,,,digital marketing channels,2020-04-19 21:12:18,"Featured snippet, Thumbnails, People also ask, Top stories",what are digit channel 
139,whats the use,3.0,50.0,,,,,mac miller what's the use,2020-04-16 10:08:17,"Top stories, Thumbnails, Sitelinks",what the use 
140,online marketing campaign,48.0,50.0,7.0,,,,marketing campaign,2020-05-06 05:50:33,People also ask,onlin market campaign 
141,online marketing news,59.0,50.0,8.0,,,,marketing news,2020-05-08 16:23:15,Sitelinks,onlin market news 
142,digital media channels,33.0,50.0,,,,,digital marketing channels,2020-04-15 19:38:44,"Featured snippet, People also ask, Image pack",digit media channel 
143,see define,33.0,50.0,,,,,see meaning,2020-05-08 01:47:21,"Knowledge card, People also ask",see defin 
144,coast media,1.0,50.0,,,,,coast media,2020-04-16 18:09:18,Image pack,coast media 
145,digital marketing ipswich,28.0,50.0,0.9,,,,digital marketing ipswich,2020-05-10 10:01:10,Image pack,digit market ipswich 
146,digital transformation agency london,47.0,50.0,9.0,,,,digital transformation agency london,2020-04-20 21:59:34,Adwords bottom,digit transform agenc london 
147,design agency colchester,24.0,50.0,4.0,,,,design agency colchester,2020-05-05 10:39:08,Image pack,design agenc colchest 
148,examples of digital marketing,39.0,50.0,4.0,,,,digital marketing,2020-04-15 05:37:41,"Adwords top, Sitelinks, Featured snippet, Thumbnails, People also ask",exampl of digit market 
149,define used to,3.0,50.0,0.0,,,,used to definition,2020-04-30 00:40:39,"Knowledge card, People also ask",defin use to 
150,can do meaning,5.0,50.0,,,,,can do attitude,2020-04-16 21:22:53,"Knowledge card, People also ask, Top stories, Thumbnails, Image pack",can do mean 
151,it digital,7.0,50.0,,,,,it digital,2020-04-16 17:56:26,"People also ask, Top stories, Thumbnails, Image pack",it digit 
152,passion digital ltd,0.0,50.0,,,,,digital marketing agency,2020-05-09 15:42:52,"Sitelinks, Image pack",passion digit ltd 
153,what is a media company,12.0,50.0,0.0,,,,media company,2020-05-09 09:08:00,"Featured snippet, Thumbnails, People also ask, Top stories",what is a media compani 
154,marketing message definition,17.0,50.0,,,,,marketing message examples,2020-05-10 12:26:06,"Featured snippet, People also ask",market messag definit 
155,which and what,9.0,50.0,0.0,,,,which or what,2020-04-26 16:12:27,"Featured snippet, People also ask, Top stories, Thumbnails",which and what 
156,who's online,1.0,50.0,0.0,,,,who's online,2020-04-19 23:46:11,"Featured snippet, Top stories, Thumbnails",who 's onlin 
157,digital marketing technology,41.0,50.0,,,,,digital marketing technology,2020-05-03 02:14:31,"People also ask, Sitelinks",digit market technolog 
158,didgital,79.0,50.0,0.0,,,,digital spy,2020-04-19 08:00:34,"Sitelinks, People also ask, Image pack",didgit 
159,internet channels,56.0,50.0,0.15,,,,best wifi channel,2020-05-06 13:13:35,"Featured snippet, Thumbnails, People also ask, Sitelinks, Top stories",internet channel 
160,definition of digital media,13.0,50.0,0.0,,,,digital media,2020-05-01 09:26:01,"Sitelinks, People also ask, Top stories, Thumbnails, Videos",definit of digit media 
161,essex traffic twitter,0.0,50.0,,,,,essex travel news,2020-05-07 02:22:09,"Tweet box, Top stories, Thumbnails, Image pack, Videos",essex traffic twitter 
162,internet description,51.0,50.0,0.0,,,,internet,2020-05-10 17:19:42,"Featured snippet, People also ask, Sitelinks, Videos",internet descript 
163,detail online,5.0,50.0,,,,,detail online,2020-05-07 13:19:17,"Sitelinks, Image pack",detail onlin 
164,digital marketing colchester,0.0,50.0,3.0,,,,digital marketing colchester,2020-04-15 08:27:47,"Adwords top, Sitelinks, Adwords bottom",digit market colchest 
165,digital world meaning,1.0,50.0,,,,,digital world meaning,2020-05-01 05:41:57,"Featured snippet, People also ask",digit world mean 
166,small world marketing,0.0,40.0,,,,,small world marketing,2020-04-28 02:51:23,"Sitelinks, Image pack",small world market 
167,what is a ',35.0,40.0,,,,,a,2020-04-18 11:10:53,"Knowledge card, Top stories, Thumbnails",what is a ' 
168,the who website,88.0,40.0,,,,,the who,2020-04-24 20:34:17,Sitelinks,the who websit 
169,now digital,5.0,40.0,0.0,,,,now digital,2020-04-24 07:03:43,"Top stories, Thumbnails",now digit 
170,space marketing,4.0,40.0,,,,,space marketing,2020-05-06 17:56:23,"Top stories, Thumbnails, Image pack",space market 
171,how of,48.0,40.0,0.0,,,,how of,2020-05-08 17:04:27,People also ask,how of 
172,online marketing solutions,2.0,40.0,5.0,,,,online marketing solutions,2020-04-15 09:20:52,"Adwords top, Sitelinks, Adwords bottom",onlin market solut 
173,the search marketing shop,0.0,40.0,25.0,,,,the search marketing shop,2020-04-19 02:19:27,"Sitelinks, Image pack",the search market shop 
174,dogital,80.0,40.0,,,,,digital,2020-05-07 21:34:12,"Sitelinks, People also ask, Image pack",dogit 
175,marketing channels examples,37.0,40.0,2.5,,,,marketing channels,2020-04-19 18:19:44,"Featured snippet, Thumbnails, People also ask, Sitelinks",market channel exampl 
176,biddable media definition,0.0,40.0,0.0,,,,biddable media,2020-04-25 15:38:07,"Featured snippet, Thumbnails",biddabl media definit 
177,what will be will be meaning,0.0,40.0,0.0,,,,what will be will be,2020-05-07 13:04:17,"Featured snippet, People also ask, Image pack, Videos",what will be will be mean 
178,define increased,30.0,40.0,,,,,increased,2020-04-30 11:12:28,"Knowledge card, People also ask",defin increas 
179,market sector definition,11.0,40.0,0.0,,,,market sector definition,2020-05-09 03:12:46,People also ask,market sector definit 
180,what does .com,5.0,40.0,,,,,what does .com,2020-04-21 04:27:13,"People also ask, Sitelinks, Top stories, Thumbnails",what doe .com 
181,social media marketing companies for small business,41.0,40.0,6.0,,,,social media marketing agency,2020-04-14 07:12:20,"Featured snippet, Sitelinks",social media market compani for small busi 
182,interactive media examples,9.0,40.0,1.3,,,,interactive media,2020-04-19 11:45:53,"Featured snippet, People also ask, Top stories, Thumbnails, Videos",interact media exampl 
183,go umbrella time online,5.0,40.0,11.0,,,,go umbrella time online,2020-05-07 09:55:25,Adwords top,go umbrella time onlin 
184,ccoast,42.0,40.0,0.2,,,,coast,2020-04-22 03:22:21,"Sitelinks, People also ask, Image pack",ccoast 
185,media industry definition,3.0,40.0,,,,,media industry,2020-05-10 16:45:31,People also ask,media industri definit 
186,coast to coast ipswich menu,0.0,40.0,,,,,coast to coast ipswich,2020-05-07 20:14:22,"Sitelinks, Image pack",coast to coast ipswich menu 
187,coast digital colchester,0.0,40.0,,,,,digital marketing agency,2020-05-03 15:27:03,Sitelinks,coast digit colchest 
188,digital space definition,8.0,40.0,0.0,,,,digital space definition,2020-04-22 05:03:43,"Featured snippet, People also ask",digit space definit 
189,internet marketing strategy,65.0,40.0,9.0,,,,strategy internet marketing,2020-04-15 02:06:14,"Featured snippet, Thumbnails, Top stories, Image pack",internet market strategi 
190,define: business,64.0,40.0,,,,,business definition,2020-04-16 08:11:14,"Knowledge card, People also ask, Sitelinks, Top stories, Thumbnails, Image pack",defin : busi 
191,online service definition,1.0,40.0,,,,,what is online services,2020-04-29 22:12:56,"People also ask, Sitelinks",onlin servic definit 
192,content marketing agencies london,31.0,40.0,,,,,content agency london,2020-05-04 11:14:13,"Adwords top, Sitelinks, Adwords bottom",content market agenc london 
193,full personal service,0.0,40.0,0.0,,,,full personal service,2020-05-10 02:07:25,"People also ask, Top stories, Thumbnails",full person servic 
194,the help agency,1.0,40.0,0.0,,,,the help agency,2020-05-08 15:25:51,Sitelinks,the help agenc 
195,coast agency,2.0,40.0,0.0,,,,marketing agency poole,2020-04-26 04:51:56,"Sitelinks, Image pack, Videos",coast agenc 
196,what does encompasses mean,7.0,40.0,,,,,encompass,2020-04-28 10:03:52,"Knowledge card, People also ask, Videos",what doe encompass mean 
197,digital marketing what is it,67.0,40.0,3.0,,,,digital marketing,2020-04-14 02:00:24,"People also ask, Sitelinks, Top stories, Thumbnails",digit market what is it 
198,web development nottingham,41.0,40.0,7.0,,,,web design nottingham,2020-05-07 10:22:48,"Sitelinks, Adwords bottom",web develop nottingham 
199,be website,47.0,40.0,0.0,,,,british eventing,2020-04-25 02:23:23,"Sitelinks, Image pack",be websit 
200,constitutes define,9.0,30.0,0.0,,,,constitute,2020-04-15 00:35:46,"Knowledge card, People also ask",constitut defin 
201,worldofdigital,31.0,30.0,0.0,,,,digital world,2020-05-09 05:25:30,"Top stories, Thumbnails, Image pack",worldofdigit 
202,top marketing firms uk,6.0,30.0,1.8,,,,marketing agency,2020-05-07 01:36:09,"Featured snippet, Thumbnails, People also ask",top market firm uk 
203,essex digital media,43.0,30.0,0.0,,,,digital media blog,2020-04-19 00:19:04,"Sitelinks, Image pack",essex digit media 
204,define wat,15.0,30.0,,,,,wat,2020-04-19 22:47:47,"Knowledge card, People also ask",defin wat 
205,what is this ',56.0,30.0,,,,,what is this,2020-05-09 21:26:03,"Sitelinks, People also ask, Top stories, Thumbnails, Image pack",what is thi ' 
206,the who net,44.0,30.0,0.9,,,,the who,2020-04-19 15:41:18,Sitelinks,the who net 
207,what is all about,0.0,30.0,,,,,what is all about,2020-04-20 10:28:49,"People also ask, Top stories, Thumbnails",what is all about 
208,internet marketing expert,10.0,30.0,11.0,,,,online marketing expert,2020-05-08 08:20:31,,internet market expert 
209,define marketing concept,15.0,30.0,,,,,marketing concept,2020-04-20 14:30:47,"Featured snippet, People also ask, Top stories, Thumbnails",defin market concept 
210,absolute pr and marketing,0.0,30.0,0.0,,,,absolute pr,2020-04-29 08:32:43,"Sitelinks, Image pack",absolut pr and market 
211,internet marketing experts,8.0,20.0,13.0,,,,online marketing expert,2020-04-24 10:20:51,"Adwords top, Sitelinks, Adwords bottom",internet market expert 
212,digital marketing sales,,20.0,,,,,,,,digit market sale 
213,paid market research nottingham,5.0,20.0,2.5,,,,market research nottingham,,,paid market research nottingham 
214,results through digital,1.0,20.0,,19.0,0.87,1.12,results through digital,2020-05-08 10:34:54,"Sitelinks, Top stories, Thumbnails, Image pack",result through digit 
215,marketing services company,,10.0,,,,,,,,market servic compani 
216,digital marketing company new york,,10.0,,,,,,,,digit market compani new york 
217,virtual snipers digital marketing services,,10.0,,,,,,,,virtual sniper digit market servic 
218,online marketing services uk,,10.0,,,,,,,,onlin market servic uk 
219,digital marketing services birmingham al,,10.0,,,,,,,,digit market servic birmingham al 
220,marketing services network,,10.0,,,,,,,,market servic network 
221,digital marketing services reading,,0.0,,,,,,,,digit market servic read 
222,altitude internet digital marketing services limited,,0.0,,,,,,,,altitud internet digit market servic limit 
223,experienced digital marketing services london,,,,,,,,,,experienc digit market servic london 
224,grow fast integrated digital marketing services,,,,,,,,,,grow fast integr digit market servic 
225,best digital marketing services in india,,,,,,,,,,best digit market servic in india 
226,digital marketing solution services,,,,,,,,,,digit market solut servic 
227,digital marketing services benefits,,,,,,,,,,digit market servic benefit 
228,digital marketing trends financial services,,,,,,,,,,digit market trend financi servic 
229,jio digitech - digital marketing services lonavala maharashtra,,,,,,,,,,jio digitech - digit market servic lonavala maharashtra 
230,digital marketing implementation services travel websites,,,,,,,,,,digit market implement servic travel websit 
231,digital marketing seo services company in uk,,,,,,,,,,digit market seo servic compani in uk 
232,digital marketing services in brighton and hove,,,,,,,,,,digit market servic in brighton and hove 
233,digital marketing seo services agency in uk,,,,,,,,,,digit market seo servic agenc in uk 
234,dental digital marketing consulting services,,,,,,,,,,dental digit market consult servic 
235,digital marketing services peterborough,,,,,,,,,,digit market servic peterborough 
236,digital marketing services for restaurants,,,,,,,,,,digit market servic for restaur 
237,excel digital marketing software services,,,,,,,,,,excel digit market softwar servic 
238,digital marketing services lead,,,,,,,,,,digit market servic lead 
239,360 digital marketing services bangalore,,,,,,,,,,360 digit market servic bangalor 
240,digital marketing services in southend-on-sea,,,,,,,,,,digit market servic in southend-on-sea 
241,need digital marketing services,,,,,,,,,,need digit market servic 
242,online marketing services smm youtube promotions दिल्ली,,,,,,,,,,onlin market servic smm youtub promot दिल्ली 
243,royal zinc digital marketing services llp,,,,,,,,,,royal zinc digit market servic llp 
244,online digital marketing search engine optimization services,,,,,,,,,,onlin digit market search engin optim servic 
245,ipcs digital marketing course & services thiruvananthapuram kerala,,,,,,,,,,ipc digit market cours & servic thiruvananthapuram kerala 
246,digital marketing services london beauty websites,,,,,,,,,,digit market servic london beauti websit 
247,beauty website digital marketing services,,,,,,,,,,beauti websit digit market servic 
248,seo work digital marketing services jaipur,,,,,,,,,,seo work digit market servic jaipur 
249,companies offering digital marketing services,,,,,,,,,,compani offer digit market servic 
250,travel website digital marketing for financial services,,,,,,,,,,travel websit digit market for financi servic 
251,proposal for digital marketing services pdf,,,,,,,,,,propos for digit market servic pdf 
252,dms interaktif digital marketing services,,,,,,,,,,dm interaktif digit market servic 
253,kp digital marketing services,,,,,,,,,,kp digit market servic 
254,beauty digital marketing services london,,,,,,,,,,beauti digit market servic london 
255,insurance website digital marketing agency services,,,,,,,,,,insur websit digit market agenc servic 
256,digital dreams marketing communication services,,,,,,,,,,digit dream market commun servic 
257,digital marketing services on social media,,,,,,,,,,digit market servic on social media 
258,digital marketing services india aurangabad maharashtra,,,,,,,,,,digit market servic india aurangabad maharashtra 
259,dental digital marketing for financial services,,,,,,,,,,dental digit market for financi servic 
260,details of digital marketing services,,,,,,,,,,detail of digit market servic 
261,insurance website digital marketing for financial services,,,,,,,,,,insur websit digit market for financi servic 
262,digital marketing services agreement template,,,,,,,,,,digit market servic agreement templat 
263,digital marketing plan for financial services,,,,,,,,,,digit market plan for financi servic 
264,all kinds of digital marketing services,,,,,,,,,,all kind of digit market servic 
265,digital marketing campaign for a financial services company,,,,,,,,,,digit market campaign for a financi servic compani 
266,reviews of digital marketing services,,,,,,,,,,review of digit market servic 
267,digital marketing services a,,,,,,,,,,digit market servic a 
268,digital marketing services affiliate programs,,,,,,,,,,digit market servic affili program 
269,digital marketing consulting services travel websites,,,,,,,,,,digit market consult servic travel websit 
270,blog on digital marketing services,,,,,,,,,,blog on digit market servic 
271,digital marketing and public relations services,,,,,,,,,,digit market and public relat servic 
272,digital marketing services in essex,,,,,,,,,,digit market servic in essex 
273,list of uk digital marketing services agencies,,,,,,,,,,list of uk digit market servic agenc 
274,digital marketing services description,,,,,,,,,,digit market servic descript 
275,real estate digital marketing services (redms),,,,,,,,,,real estat digit market servic ( redm ) 
276,red white blue digital marketing services holdings,,,,,,,,,,red white blue digit market servic hold 
277,idc marketscape for worldwide retail digital marketing technology services,,,,,,,,,,idc marketscap for worldwid retail digit market technolog servic 
278,best digital marketing services in hyderabad,,,,,,,,,,best digit market servic in hyderabad 
279,rocket concepts digital marketing services inc,,,,,,,,,,rocket concept digit market servic inc 
280,digital marketing financial services san francisco,,,,,,,,,,digit market financi servic san francisco 
281,hearst digital marketing services buffalo ny location,,,,,,,,,,hearst digit market servic buffalo ny locat 
282,how much should i charge for digital marketing services,,,,,,,,,,how much should i charg for digit market servic 
283,digital-marketing-services-navi-mumbai,,,,,,,,,,digital-marketing-services-navi-mumbai 
284,sample proposal for digital marketing services,,,,,,,,,,sampl propos for digit market servic 
285,digital marketing services provider in india,,,,,,,,,,digit market servic provid in india 
286,digital marketing services in faridabad,,,,,,,,,,digit market servic in faridabad 
287,digital marketing services in nottingham,,,,,,,,,,digit market servic in nottingham 
288,digital marketing services in milton keynes,,,,,,,,,,digit market servic in milton keyn 
289,digital marketing services includes,,,,,,,,,,digit market servic includ 
290,seo craft - digital marketing services and training course company in gurgaon,,,,,,,,,,seo craft - digit market servic and train cours compani in gurgaon 
291,digital marketing services perth,,,,,,,,,,digit market servic perth 
292,digital marketing for financial services summit 2019 new york,,,,,,,,,,digit market for financi servic summit 2019 new york 
293,star digital marketing services ltd - northampton nn6,,,,,,,,,,star digit market servic ltd - northampton nn6 
294,digital marketing services in hyderabad hyderabad telangana,,,,,,,,,,digit market servic in hyderabad hyderabad telangana 
295,web development and digital marketing services los angeles,,,,,,,,,,web develop and digit market servic lo angel 
296,digital marketing for financial services beauty websites,,,,,,,,,,digit market for financi servic beauti websit 
297,digital marketing services in charlotte nc,,,,,,,,,,digit market servic in charlott nc 
298,digital marketing services in visakhapatnam,,,,,,,,,,digit market servic in visakhapatnam 
299,how to sell digital marketing services to local businesses,,,,,,,,,,how to sell digit market servic to local busi 
300,best digital marketing services company,,,,,,,,,,best digit market servic compani 
301,digital marketing video production services,,,,,,,,,,digit market video product servic 
302,different types of digital marketing services,,,,,,,,,,differ type of digit market servic 
303,ralecon digital marketing services pvt ltd,,,,,,,,,,ralecon digit market servic pvt ltd 
304,state of digital marketing in professional services 2018,,,,,,,,,,state of digit market in profession servic 2018 
305,meaning of digital marketing services,,,,,,,,,,mean of digit market servic 
306,beauty digital marketing services,,,,,,,,,,beauti digit market servic 
307,digital marketing service 7311 advertising services,,,,,,,,,,digit market servic 7311 advertis servic 
308,web clicks digital marketing services kuwait city kuwait,,,,,,,,,,web click digit market servic kuwait citi kuwait 
309,digital marketing services huddersfield,,,,,,,,,,digit market servic huddersfield 
310,digital/online advertising and marketing products and services companies,,,,,,,,,,digital/onlin advertis and market product and servic compani 
