,Keyword,Country,Difficulty,Volume,CPC,Clicks,CPS,Return Rate,Parent Keyword,Last Update,SERP Features,Stemmed Keyword
0,hubspot,gb,67.0,63000.0,5.0,59708.0,0.95,2.34,hubspot,2020-05-09 00:57:01,"Adwords top, Sitelinks, Top stories, Thumbnails, People also ask, Tweet box, Image pack",hubspot 
1,content meaning,gb,45.0,4400.0,17.0,622.0,0.14,1.18,content,2020-05-10 06:32:24,"Knowledge card, People also ask, Top stories, Thumbnails",content mean 
2,hub spot,gb,53.0,2600.0,7.0,1820.0,0.71,1.37,hubspot,2020-05-05 05:59:21,"Adwords top, Sitelinks, Top stories, Thumbnails, People also ask, Tweet box",hub spot 
3,climb online,gb,3.0,1300.0,0.0,1228.0,0.95,1.2,climb online,2020-05-04 21:52:16,"Sitelinks, Top stories, Thumbnails",climb onlin 
4,company meaning,gb,55.0,1200.0,0.0,158.0,0.13,1.11,مؤسسة,2020-05-08 16:52:22,"Knowledge card, People also ask, Sitelinks, Top stories, Thumbnails",compani mean 
5,digital marketing strategy,gb,65.0,1200.0,9.0,1112.0,0.96,1.36,digital marketing strategy,2020-05-08 20:21:50,"Featured snippet, Thumbnails, People also ask, Sitelinks, Top stories, Adwords bottom",digit market strategi 
6,more definition,gb,22.0,600.0,0.0,79.0,0.14,1.15,more,2020-05-09 16:34:04,"Knowledge card, Sitelinks, People also ask",more definit 
7,digital definition,gb,34.0,500.0,1.9,89.0,0.18,1.06,digital,2020-05-09 07:11:07,"Knowledge card, People also ask, Top stories, Thumbnails",digit definit 
8,digital marketing job description,gb,21.0,450.0,2.5,405.0,0.94,1.25,digital marketing job description,2020-04-28 12:16:33,"Featured snippet, Thumbnails, People also ask, Sitelinks",digit market job descript 
9,detailed online,gb,0.0,450.0,,391.0,0.91,1.62,detailed online,2020-05-03 13:55:48,"Sitelinks, Top stories, Thumbnails",detail onlin 
10,digital technology definition,gb,12.0,350.0,1.4,207.0,0.57,1.11,digital technology,2020-04-23 10:34:31,"Featured snippet, People also ask, Top stories, Thumbnails",digit technolog definit 
11,digital marketing campaign,gb,39.0,300.0,11.0,217.0,0.72,1.36,marketing pricing,2020-04-26 22:21:26,"Adwords top, Sitelinks, Featured snippet, People also ask",digit market campaign 
12,define numerous,gb,21.0,300.0,0.0,17.0,0.06,1.16,numerous,2020-05-01 19:04:37,"Knowledge card, People also ask, Top stories, Thumbnails",defin numer 
13,online media,gb,22.0,300.0,1.2,92.0,0.33,1.13,digital media,2020-04-26 07:13:11,"Sitelinks, People also ask, Top stories, Thumbnails",onlin media 
14,hibspot,gb,67.0,300.0,2.0,265.0,0.82,1.7,hubspot,2020-04-28 19:35:38,"Adwords top, Sitelinks, Top stories, Thumbnails, People also ask, Tweet box, Image pack",hibspot 
15,www coast co uk,gb,4.0,300.0,0.35,,,,coast,2020-04-16 15:46:51,Sitelinks,www coast co uk 
16,digital marketing specialist,gb,1.0,250.0,5.0,125.0,0.53,1.14,digital marketing specialist,2020-04-17 06:52:02,"Adwords top, Sitelinks, People also ask, Adwords bottom",digit market specialist 
17,discuss the market,gb,52.0,250.0,6.0,,,,discuss the market,2020-04-25 21:11:47,"Sitelinks, Top stories, Thumbnails",discuss the market 
18,hubsport,gb,63.0,250.0,3.0,158.0,0.69,1.06,hubspot,2020-04-21 05:01:09,"Sitelinks, Top stories, Thumbnails, People also ask, Tweet box, Image pack",hubsport 
19,digital marketing agency near me,gb,59.0,250.0,12.0,134.0,0.51,1.27,digital marketing agency,2020-05-07 19:24:04,,digit market agenc near me 
20,marketing companies near me,gb,22.0,250.0,5.0,456.0,1.88,1.49,digital marketing agency london,2020-04-24 22:54:04,"Adwords top, Sitelinks, Adwords bottom",market compani near me 
21,what does digital mean,gb,22.0,250.0,0.0,120.0,0.52,1.23,digital,2020-05-06 03:27:25,"Knowledge card, People also ask, Top stories, Thumbnails, Image pack",what doe digit mean 
22,services meaning,gb,48.0,200.0,,30.0,0.15,1.18,services,2020-05-09 12:28:03,"Knowledge card, People also ask, Sitelinks, Videos",servic mean 
23,types of digital marketing,gb,42.0,200.0,11.0,184.0,0.93,1.13,types of digital marketing,2020-05-02 02:09:05,"Featured snippet, Thumbnails, People also ask, Sitelinks",type of digit market 
24,regardless marketing,gb,0.0,200.0,,211.0,1.04,1.5,regardless marketing,2020-05-04 07:36:25,,regardless market 
25,digital marketing companies london,gb,41.0,200.0,11.0,,,,digital marketing agency london,2020-04-20 16:40:13,"Adwords top, Sitelinks, Adwords bottom",digit market compani london 
26,coast online,gb,2.0,200.0,0.15,190.0,0.86,1.69,coast,2020-05-01 16:30:44,Sitelinks,coast onlin 
27,can definition,gb,19.0,200.0,0.0,28.0,0.14,1.09,can,2020-05-01 08:25:22,"Knowledge card, Sitelinks, People also ask",can definit 
28,email meaning,gb,29.0,200.0,0.35,23.0,0.12,1.14,definition of email,2020-05-02 09:05:41,"Knowledge card, People also ask, Sitelinks, Top stories, Thumbnails",email mean 
29,coast london,gb,7.0,200.0,0.8,152.0,0.75,1.13,coast,2020-04-26 13:01:23,"Sitelinks, People also ask, Image pack",coast london 
30,benefits of digital marketing,gb,15.0,200.0,14.0,220.0,1.09,1.18,benefits of digital marketing,2020-05-06 12:53:13,"Featured snippet, Thumbnails, People also ask",benefit of digit market 
31,coasr,gb,42.0,150.0,0.25,89.0,0.55,1.1,coast,2020-04-29 23:11:46,"Sitelinks, People also ask, Top stories, Thumbnails",coasr 
32,coadt,gb,43.0,150.0,0.15,111.0,0.75,1.07,coast,2020-05-01 03:16:24,Sitelinks,coadt 
33,define all,gb,23.0,150.0,0.0,26.0,0.16,1.26,all,2020-04-28 09:46:15,"Knowledge card, Sitelinks, People also ask, Top stories, Thumbnails",defin all 
34,whats more,gb,0.0,150.0,0.0,41.0,0.28,1.1,what's more,2020-04-26 16:57:16,"Knowledge card, People also ask, Top stories, Thumbnails",what more 
35,post meaning after,gb,37.0,150.0,0.0,34.0,0.21,1.2,post,2020-05-01 14:52:01,"Featured snippet, People also ask, Videos",post mean after 
36,the who .com,gb,77.0,150.0,1.3,,,,the who,2020-04-19 21:42:36,"Sitelinks, Top stories, Thumbnails",the who .com 
37,what's the time today,gb,68.0,150.0,0.0,,,,time,2020-04-19 05:39:57,"Knowledge card, Sitelinks, People also ask",what 's the time today 
38,full fat pr,gb,0.0,150.0,0.0,184.0,1.17,1.3,full fat,2020-04-30 15:45:29,"Sitelinks, Top stories, Thumbnails, Videos",full fat pr 
39,digital marketing services birmingham,gb,17.0,150.0,,,,,digital agency birmingham,2020-05-09 20:34:54,Featured snippet,digit market servic birmingham 
40,digital promotion,gb,6.0,150.0,2.5,109.0,0.69,1.25,digital promotion,2020-05-08 23:54:42,"Featured snippet, People also ask, Videos",digit promot 
41,digital marketing examples,gb,35.0,150.0,4.5,141.0,0.87,1.13,digital marketing,2020-04-25 11:17:09,"Adwords top, Sitelinks, Featured snippet, Thumbnails, People also ask",digit market exampl 
42,garish definition,gb,9.0,150.0,0.0,28.0,0.17,1.1,garish,2020-05-04 01:27:31,"Knowledge card, People also ask, Videos",garish definit 
43,info meaning,gb,4.0,150.0,0.0,54.0,0.32,1.11,info meaning,2020-04-28 02:17:15,"Knowledge card, People also ask, Videos",info mean 
44,who is website,gb,95.0,150.0,0.8,202.0,1.25,1.12,whois,2020-04-22 17:23:17,Sitelinks,who is websit 
45,online marketing strategies,gb,56.0,150.0,7.0,109.0,0.71,1.62,online marketing,2020-04-27 14:54:17,"Featured snippet, Thumbnails, People also ask, Top stories, Image pack",onlin market strategi 
46,who's definition,gb,2.0,150.0,,21.0,0.15,1.13,who 's,2020-04-27 02:58:15,"Knowledge card, People also ask",who 's definit 
47,digital and social media marketing,gb,42.0,150.0,4.0,,,,types of digital marketing,2020-04-26 13:14:20,"Adwords top, Sitelinks, Featured snippet, People also ask, Adwords bottom",digit and social media market 
48,advertising agencies near me,gb,32.0,150.0,4.0,,,,advertising agencies near me,2020-05-08 16:46:06,People also ask,advertis agenc near me 
49,digital media companies,gb,25.0,150.0,4.0,162.0,1.23,1.43,american internet and media company,2020-04-29 08:37:33,"Featured snippet, People also ask",digit media compani 
50,whowhatwhy,gb,17.0,150.0,0.0,,,,whowhatwhy,2020-04-25 19:07:23,"Sitelinks, Tweet box, Top stories, Thumbnails, Image pack, Videos",whowhatwhi 
51,website meaning,gb,49.0,150.0,1.1,18.0,0.14,1.08,website - definition,2020-04-25 14:15:39,"Knowledge card, People also ask, Sitelinks",websit mean 
52,content marketing agency london,gb,36.0,150.0,16.0,,,,content marketing agency,2020-04-30 01:56:51,"Featured snippet, Sitelinks",content market agenc london 
53,content marketing companies,gb,10.0,100.0,,,,,content marketing agency,2020-04-18 15:20:02,"Adwords top, Sitelinks, Featured snippet, Thumbnails, People also ask, Adwords bottom",content market compani 
54,what is digital advertising,gb,12.0,100.0,1.8,99.0,1.0,1.29,what is digital advertising,2020-05-08 01:19:59,"People also ask, Sitelinks, Top stories, Thumbnails",what is digit advertis 
55,definition of digital marketing,gb,66.0,100.0,0.0,102.0,0.97,1.35,digital marketing,2020-04-21 08:06:04,"Sitelinks, People also ask, Top stories, Thumbnails",definit of digit market 
56,what does comprise mean,gb,14.0,100.0,0.0,7.0,0.06,1.1,comprise,2020-04-23 01:17:28,"Knowledge card, People also ask, Top stories, Thumbnails",what doe compris mean 
57,hubspot marketing blog,gb,79.0,100.0,0.0,,,,marketing blog,2020-04-17 04:19:42,"Sitelinks, Image pack",hubspot market blog 
58,ppc online,gb,71.0,100.0,13.0,72.0,0.64,1.19,nhs prepayment card,2020-04-28 12:36:43,"People also ask, Top stories, Thumbnails",ppc onlin 
59,meaning of create,gb,15.0,100.0,,,,,create,2020-05-03 07:08:20,"Knowledge card, People also ask",mean of creat 
60,why work in digital marketing,gb,0.0,100.0,0.0,157.0,1.5,1.67,why work in digital marketing,2020-04-28 15:00:24,"Featured snippet, Thumbnails, People also ask",whi work in digit market 
61,digital marketing companies in uk,gb,56.0,100.0,14.0,,,,digital marketing agency,2020-05-04 10:38:02,"Featured snippet, Adwords bottom, Sitelinks",digit market compani in uk 
62,like digital,gb,1.0,100.0,,86.0,0.83,1.32,like digital,2020-05-06 07:16:55,"Sitelinks, Image pack, Top stories, Thumbnails",like digit 
63,how to get into digital marketing,gb,5.0,100.0,12.0,131.0,1.15,1.22,how to get into marketing,2020-04-23 13:33:47,"Adwords top, Sitelinks, Featured snippet, Thumbnails, People also ask, Top stories",how to get into digit market 
64,online marketing strategy,gb,62.0,100.0,6.0,,,,strategy internet marketing,2020-04-18 10:01:05,"Adwords top, Sitelinks, Featured snippet, People also ask, Top stories, Thumbnails, Image pack",onlin market strategi 
65,define services,gb,13.0,100.0,,,,,service's,2020-05-05 23:20:15,"Knowledge card, People also ask, Sitelinks, Top stories, Thumbnails",defin servic 
66,digital marketing platforms,gb,73.0,100.0,5.0,98.0,0.81,1.17,digital marketing platforms,2020-05-04 01:48:16,"Featured snippet, Thumbnails, People also ask, Sitelinks",digit market platform 
67,social media advertising agency,gb,7.0,100.0,13.0,,,,social media advertising,2020-05-08 20:20:04,"Adwords top, Sitelinks, Adwords bottom",social media advertis agenc 
68,importance of digital marketing,gb,40.0,100.0,4.5,100.0,0.86,1.17,role of digital marketing,2020-04-24 13:52:05,"Adwords top, Featured snippet, Thumbnails, People also ask",import of digit market 
69,caost,gb,42.0,100.0,0.2,89.0,0.75,1.14,coast,2020-04-20 13:12:03,"Sitelinks, People also ask, Image pack, Top stories, Thumbnails",caost 
70,top digital marketing agencies london,gb,22.0,100.0,14.0,211.0,1.74,1.29,digital marketing agency,2020-05-04 19:50:10,,top digit market agenc london 
71,define in fact,gb,3.0,100.0,,,,,infact,2020-04-18 10:56:19,"Knowledge card, People also ask",defin in fact 
72,what does according mean,gb,5.0,100.0,0.0,22.0,0.19,1.13,according,2020-04-25 04:31:14,"Knowledge card, People also ask, Videos",what doe accord mean 
73,online marketing agency london,gb,45.0,100.0,10.0,,,,digital marketing agency,2020-05-04 17:49:12,Sitelinks,onlin market agenc london 
74,internet marketing strategies,gb,57.0,100.0,8.0,,,,internet marketing,2020-05-01 23:13:32,"Featured snippet, Thumbnails, People also ask, Top stories",internet market strategi 
75,trends definition in business,gb,17.0,100.0,,,,,trends definition in business,2020-05-09 00:34:19,"Featured snippet, Thumbnails, People also ask, Videos",trend definit in busi 
76,define including,gb,22.0,100.0,0.0,18.0,0.15,1.17,including,2020-04-25 20:36:21,"Knowledge card, People also ask, Sitelinks",defin includ 
77,define an english person,gb,2.0,100.0,0.0,,,,define an english person,2020-05-05 01:37:11,,defin an english person 
78,digital marketing campaigns,gb,28.0,100.0,,91.0,0.82,1.42,digital campaign,2020-04-20 03:12:22,"Adwords top, People also ask",digit market campaign 
79,hubstop,gb,67.0,100.0,,,,,hubspot,2020-05-09 12:25:10,"Adwords top, Sitelinks, Top stories, Thumbnails, People also ask, Tweet box, Image pack",hubstop 
80,who what why,gb,20.0,100.0,,64.0,0.54,1.0,5 ws,2020-04-22 17:39:50,"Sitelinks, People also ask, Videos, Tweet box, Image pack",who what whi 
81,marketing concept definition,gb,19.0,100.0,1.6,,,,marketing concept,2020-04-25 13:00:23,"Featured snippet, Thumbnails, People also ask, Top stories",market concept definit 
82,what is a digital agency,gb,11.0,100.0,8.0,52.0,0.43,1.07,what is a digital agency,2020-04-23 13:46:44,"Adwords top, Sitelinks, Featured snippet, Thumbnails, People also ask, Top stories",what is a digit agenc 
83,marketing vs advertising,gb,22.0,100.0,0.9,67.0,0.55,1.06,difference between marketing and advertising,2020-04-26 13:23:01,"Featured snippet, Thumbnails, People also ask, Top stories",market vs advertis 
84,lucy definition,gb,3.0,100.0,,,,,lucy definition,2020-04-15 18:16:50,"People also ask, Top stories, Thumbnails",luci definit 
85,digital marketing services london,gb,55.0,100.0,8.0,,,,marketing agency,2020-04-19 19:29:36,Sitelinks,digit market servic london 
86,coast website,gb,61.0,90.0,0.2,,,,coast,2020-04-24 21:14:24,Sitelinks,coast websit 
87,lucy alexander age,gb,4.0,90.0,,,,,lucy alexander,2020-04-26 20:37:18,"People also ask, Sitelinks",luci alexand age 
88,digital marketing strategies,gb,64.0,90.0,12.0,107.0,1.19,1.13,marketing strategy,2020-04-17 11:58:50,"Featured snippet, Thumbnails, People also ask, Top stories",digit market strategi 
89,what does a digital marketer do,gb,17.0,90.0,,,,,digital marketing,2020-04-15 14:45:05,"Adwords top, Sitelinks, Featured snippet, Thumbnails, People also ask, Top stories",what doe a digit market do 
90,digital content marketing,gb,24.0,90.0,13.0,,,,digital content marketing,2020-05-05 09:32:31,"Featured snippet, People also ask",digit content market 
91,define encompasses,gb,9.0,90.0,0.0,9.0,0.1,1.15,encompass,2020-04-26 10:25:26,"Knowledge card, People also ask",defin encompass 
92,digital media agency london,gb,51.0,90.0,9.0,,,,digital marketing agency,2020-04-21 23:30:45,,digit media agenc london 
93,digital marketing industry,gb,57.0,90.0,6.0,,,,digital marketing,2020-04-14 07:47:15,"Adwords top, Sitelinks, People also ask, Adwords bottom",digit market industri 
94,essex digital awards,gb,0.0,90.0,1.4,,,,essex digital awards,2020-04-23 12:35:02,Image pack,essex digit award 
95,get on with it meaning,gb,0.0,90.0,0.0,,,,get on with it,2020-05-07 12:38:23,"Featured snippet, People also ask, Videos",get on with it mean 
96,what does comprised mean,gb,22.0,90.0,0.0,,,,comprised,2020-04-21 05:24:47,"Knowledge card, People also ask",what doe compris mean 
97,edigital research,gb,2.0,90.0,,,,,edigital research,2020-04-24 14:26:15,Sitelinks,edigit research 
98,social media marketing agency london,gb,24.0,90.0,11.0,149.0,1.6,1.19,social media marketing agency,2020-04-16 19:45:03,"Adwords top, Sitelinks, Featured snippet, Adwords bottom",social media market agenc london 
99,define digital media,gb,13.0,90.0,0.0,,,,digital media,2020-05-03 03:27:41,"Sitelinks, People also ask, Top stories, Thumbnails",defin digit media 
100,make it up to you meaning,gb,0.0,90.0,0.0,22.0,0.24,1.21,make it up to you,2020-05-07 08:29:24,"Featured snippet, People also ask, Videos",make it up to you mean 
101,what is digital marketing strategy,gb,33.0,80.0,4.0,56.0,0.65,1.05,digital marketing strategy,2020-04-14 11:23:40,"Featured snippet, Thumbnails, People also ask, Sitelinks, Top stories, Image pack",what is digit market strategi 
102,online definition,gb,16.0,80.0,0.0,11.0,0.14,1.11,online,2020-04-30 12:33:37,"Knowledge card, People also ask, Sitelinks",onlin definit 
103,digital marketing websites,gb,59.0,80.0,6.0,,,,marketing website,2020-05-10 14:37:39,"Featured snippet, Thumbnails, Sitelinks",digit market websit 
104,best digital agencies london,gb,18.0,80.0,11.0,,,,digital agency,2020-05-01 06:42:19,"Featured snippet, Thumbnails, Adwords bottom, Sitelinks",best digit agenc london 
105,what is digital content,gb,5.0,80.0,0.0,,,,what is digital content,2020-05-07 14:49:11,"People also ask, Sitelinks, Top stories, Thumbnails",what is digit content 
106,online digital marketing,gb,57.0,80.0,10.0,,,,digital marketing course,2020-04-29 08:08:31,"Sitelinks, People also ask, Top stories, Thumbnails",onlin digit market 
107,climb marketing,gb,0.0,80.0,,,,,climb online,2020-04-17 00:31:31,"Sitelinks, Top stories, Thumbnails, Image pack",climb market 
108,full service digital agency,gb,9.0,80.0,12.0,,,,full service digital agency,2020-04-25 15:23:37,People also ask,full servic digit agenc 
109,email marketing agency london,gb,8.0,80.0,15.0,,,,marketing email,2020-04-26 23:44:02,Featured snippet,email market agenc london 
110,best digital marketing agency,gb,47.0,80.0,20.0,,,,marketing agency,2020-04-14 21:52:02,Sitelinks,best digit market agenc 
111,digital platform definition,gb,11.0,80.0,8.0,,,,digital platform definition,2020-04-16 09:04:48,"Adwords top, Sitelinks, Featured snippet, Thumbnails, People also ask",digit platform definit 
112,w hat,gb,80.0,80.0,,,,,what,2020-04-19 18:20:11,"Image pack, Top stories, Thumbnails, Sitelinks, Shopping results",w hat 
113,digitales,gb,42.0,80.0,,,,,digitales,2020-05-02 05:12:22,Sitelinks,digital 
114,search engine marketing agency,gb,12.0,80.0,,,,,search engine marketing agency,2020-04-27 22:07:04,,search engin market agenc 
115,digital marketer job description,gb,14.0,80.0,,,,,digital marketing job description,2020-04-16 22:57:20,"Featured snippet, Thumbnails, People also ask, Sitelinks",digit market job descript 
116,digital marketing life cycle,gb,0.0,80.0,15.0,,,,digital marketing life cycle,2020-04-14 13:04:01,"Featured snippet, Thumbnails, People also ask, Image pack, Videos, Top stories",digit market life cycl 
117,seo and digital marketing,gb,17.0,80.0,20.0,,,,seo marketing,2020-04-19 23:46:13,"Adwords top, Sitelinks, Featured snippet, People also ask, Top stories, Thumbnails, Adwords bottom",seo and digit market 
118,digital marketing agency essex,gb,55.0,80.0,9.0,,,,absolute digital media,2020-04-16 06:52:01,"Adwords top, Sitelinks, Adwords bottom",digit market agenc essex 
119,best internet marketing company,gb,45.0,80.0,,,,,best internet marketing company,2020-04-17 14:27:17,"Sitelinks, People also ask",best internet market compani 
120,business to business definition,gb,51.0,70.0,0.0,,,,b2b,2020-04-21 04:22:37,"People also ask, Top stories, Thumbnails",busi to busi definit 
121,why digital marketing is important,gb,43.0,70.0,1.3,,,,role of digital marketing,2020-05-10 12:35:02,"Featured snippet, Thumbnails, People also ask",whi digit market is import 
122,form digital,gb,0.0,70.0,0.06,,,,form digital,2020-04-17 02:54:52,"Sitelinks, Image pack, Top stories, Thumbnails",form digit 
123,what is the marketing concept,gb,24.0,70.0,0.0,,,,marketing concept,2020-04-18 13:10:15,"Featured snippet, Thumbnails, People also ask, Top stories, Image pack",what is the market concept 
124,digital media services uk ltd,gb,0.0,70.0,0.0,65.0,0.89,1.12,dms,2020-04-15 00:08:40,"Adwords top, Sitelinks",digit media servic uk ltd 
125,online marketing definition,gb,72.0,70.0,4.5,,,,online marketing,2020-05-02 07:22:00,"People also ask, Top stories, Thumbnails",onlin market definit 
126,social media marketing examples,gb,58.0,70.0,5.0,,,,social media strategy example,2020-04-17 14:41:42,"Featured snippet, Thumbnails, People also ask",social media market exampl 
127,digital devices online,gb,1.0,70.0,0.0,,,,digital devices,2020-04-24 17:46:48,"Sitelinks, Top stories, Thumbnails",digit devic onlin 
128,define digital technology,gb,12.0,70.0,0.0,,,,digital technology,2020-04-14 21:02:17,"Featured snippet, People also ask",defin digit technolog 
129,how to market a website,gb,53.0,70.0,1.9,,,,how to market a website,2020-04-20 03:10:05,"Featured snippet, Thumbnails, People also ask, Top stories, Image pack",how to market a websit 
130,impressions digital marketing,gb,23.0,70.0,14.0,,,,digital marketing agency,2020-04-16 08:59:23,"Sitelinks, People also ask, Top stories, Thumbnails",impress digit market 
131,search social media by email,gb,36.0,70.0,0.6,,,,username search,2020-04-15 22:39:32,"Adwords top, Featured snippet, Thumbnails, People also ask",search social media by email 
132,digital marketing articles,gb,17.0,70.0,4.0,,,,digital marketing articles,2020-04-28 02:40:41,,digit market articl 
133,full service marketing agency,gb,8.0,70.0,8.0,,,,full service agency,2020-04-20 03:06:45,People also ask,full servic market agenc 
134,define increasing,gb,26.0,70.0,,,,,increase,2020-04-19 07:05:47,"Knowledge card, People also ask, Top stories, Thumbnails",defin increas 
135,performance marketing agency,gb,48.0,70.0,7.0,,,,digital marketing agency,2020-05-08 03:10:38,Sitelinks,perform market agenc 
136,online services definition,gb,1.0,70.0,0.0,,,,what is online services,2020-05-09 06:29:57,People also ask,onlin servic definit 
137,how to do online marketing,gb,68.0,60.0,3.5,,,,online marketing,2020-04-17 01:06:15,"Adwords top, Sitelinks, Featured snippet, People also ask, Top stories, Thumbnails",how to do onlin market 
138,digital.co.uk,gb,35.0,60.0,,,,,digital.co.uk,2020-04-15 01:29:59,Sitelinks,digital.co.uk 
139,examples of digital media,gb,9.0,60.0,0.02,,,,digital media examples,2020-04-27 11:46:15,"Featured snippet, Thumbnails, People also ask, Top stories",exampl of digit media 
140,marketers or marketeers,gb,3.0,60.0,,,,,marketeer,2020-05-10 01:00:19,"Featured snippet, Thumbnails, People also ask, Top stories",market or market 
141,uses of internet in business,gb,6.0,60.0,2.5,,,,uses of internet in business,2020-04-16 10:34:32,"Featured snippet, Thumbnails, People also ask, Image pack",use of internet in busi 
142,internet marketing bristol,gb,53.0,60.0,0.0,,,,digirank,2020-05-04 04:12:27,Sitelinks,internet market bristol 
143,social media marketing companies london,gb,24.0,60.0,7.0,,,,social media agency,2020-04-19 08:24:12,"Adwords top, Sitelinks, Adwords bottom",social media market compani london 
144,how to find out if a company is still in business,gb,10.0,60.0,,,,,company insolvency register,2020-04-19 22:21:47,People also ask,how to find out if a compani is still in busi 
145,what does entails mean,gb,11.0,60.0,0.0,,,,entail,2020-04-17 23:44:24,"Knowledge card, People also ask",what doe entail mean 
146,lucy online free,gb,2.0,60.0,0.0,,,,watch lucy online free,2020-04-17 19:02:30,"Knowledge card, Top stories, Thumbnails, Adwords bottom, Sitelinks",luci onlin free 
147,internet marketing company uk,gb,48.0,60.0,,,,,digital marketing agency,2020-04-14 14:51:33,"Featured snippet, Thumbnails, Sitelinks",internet market compani uk 
148,understanding digital marketing: marketing strategies for engaging the digital generation,gb,1.0,60.0,,,,,understanding digital marketing,2020-05-10 12:24:50,"Top stories, Thumbnails, Image pack",understand digit market : market strategi for engag the digit gener 
149,creative agency essex,gb,26.0,60.0,2.5,,,,design agency essex,2020-05-09 03:06:27,"Adwords top, Sitelinks, Adwords bottom",creativ agenc essex 
150,hubspor,gb,63.0,60.0,,,,,hubspot,2020-04-20 15:43:26,"Adwords top, Sitelinks, Top stories, Thumbnails, People also ask, Tweet box, Image pack",hubspor 
151,what is digital business,gb,19.0,60.0,,,,,digital company,2020-04-14 19:32:51,"Adwords top, Sitelinks, People also ask, Top stories, Thumbnails",what is digit busi 
152,digital media company,gb,50.0,60.0,,,,,dms,2020-04-16 11:46:09,"People also ask, Adwords bottom, Sitelinks",digit media compani 
153,areas of marketing,gb,17.0,60.0,0.0,,,,areas of marketing,2020-05-06 04:55:48,"Featured snippet, People also ask, Sitelinks, Image pack",area of market 
154,digital advertising agency london,gb,47.0,60.0,8.0,,,,digital agency,2020-04-25 09:49:43,"Featured snippet, Thumbnails",digit advertis agenc london 
155,web design company nottingham,gb,43.0,60.0,7.0,,,,web design nottingham,2020-05-05 18:07:19,"Adwords bottom, Sitelinks",web design compani nottingham 
156,search marketing services,gb,23.0,60.0,,,,,search engine marketing company,2020-05-09 10:52:14,,search market servic 
157,coast head office london,gb,5.0,60.0,0.8,,,,coast customer services,2020-04-15 05:26:58,,coast head offic london 
158,digital marketing methods,gb,67.0,60.0,1.6,,,,digital marketing strategy,2020-05-07 23:24:30,"Featured snippet, Thumbnails, People also ask, Image pack",digit market method 
159,بازاریابی,gb,8.0,60.0,,,,,بازاریابی,2020-04-19 20:56:28,Sitelinks,بازاریابی 
160,digital media products,gb,6.0,60.0,4.0,,,,digital media products,2020-05-10 15:26:48,"Featured snippet, Thumbnails, People also ask",digit media product 
161,introduction to digital marketing,gb,51.0,60.0,7.0,,,,google certification,2020-04-18 10:47:53,"Featured snippet, Top stories, Thumbnails, Sitelinks, People also ask",introduct to digit market 
162,like who what what what where,gb,0.0,60.0,,,,,who and what and where song,2020-05-03 16:48:26,"Top stories, Thumbnails, Videos",like who what what what where 
163,elements of internet marketing,gb,1.0,60.0,4.5,,,,elements of internet marketing,2020-05-04 14:43:40,"Featured snippet, Thumbnails, People also ask",element of internet market 
164,market definition example,gb,37.0,60.0,,,,,market definition example,2020-04-19 15:12:07,"Featured snippet, People also ask, Top stories, Thumbnails, Image pack",market definit exampl 
165,digital sales,gb,0.0,60.0,0.0,20.0,0.37,1.12,digital sales,2020-05-07 11:16:51,"Featured snippet, People also ask, Top stories, Thumbnails, Image pack",digit sale 
166,how to become a digital marketer,gb,15.0,60.0,5.0,,,,how to become a digital marketer,2020-05-09 13:35:38,"Adwords top, Sitelinks, Featured snippet, Thumbnails, People also ask, Top stories, Adwords bottom",how to becom a digit market 
167,fundamentals of digital marketing,gb,8.0,60.0,,,,,google certification,2020-04-14 23:18:06,"Adwords top, Sitelinks, People also ask, Top stories, Thumbnails, Image pack",fundament of digit market 
168,what are digital channels,gb,19.0,60.0,,,,,digital marketing channels,2020-04-19 21:12:18,"Featured snippet, Thumbnails, People also ask, Top stories",what are digit channel 
169,whats the use,gb,3.0,50.0,,,,,mac miller what's the use,2020-04-16 10:08:17,"Top stories, Thumbnails, Sitelinks",what the use 
170,online marketing campaign,gb,48.0,50.0,7.0,,,,marketing campaign,2020-05-06 05:50:33,People also ask,onlin market campaign 
171,online marketing news,gb,59.0,50.0,8.0,,,,marketing news,2020-05-08 16:23:15,Sitelinks,onlin market news 
172,digital media channels,gb,33.0,50.0,,,,,digital marketing channels,2020-04-15 19:38:44,"Featured snippet, People also ask, Image pack",digit media channel 
173,see define,gb,33.0,50.0,,,,,see meaning,2020-05-08 01:47:21,"Knowledge card, People also ask",see defin 
174,coast media,gb,1.0,50.0,,,,,coast media,2020-04-16 18:09:18,Image pack,coast media 
175,digital marketing ipswich,gb,28.0,50.0,0.9,,,,digital marketing ipswich,2020-05-10 10:01:10,Image pack,digit market ipswich 
176,one digitals reviews,gb,35.0,50.0,,,,,onedigitals co uk review,2020-04-28 17:04:15,,one digit review 
177,digital transformation agency london,gb,47.0,50.0,9.0,,,,digital transformation agency london,2020-04-20 21:59:34,Adwords bottom,digit transform agenc london 
178,design agency colchester,gb,24.0,50.0,4.0,,,,design agency colchester,2020-05-05 10:39:08,Image pack,design agenc colchest 
179,examples of digital marketing,gb,39.0,50.0,4.0,,,,digital marketing,2020-04-15 05:37:41,"Adwords top, Sitelinks, Featured snippet, Thumbnails, People also ask",exampl of digit market 
180,define used to,gb,3.0,50.0,0.0,,,,used to definition,2020-04-30 00:40:39,"Knowledge card, People also ask",defin use to 
181,can do meaning,gb,5.0,50.0,,,,,can do attitude,2020-04-16 21:22:53,"Knowledge card, People also ask, Top stories, Thumbnails, Image pack",can do mean 
182,it digital,gb,7.0,50.0,,,,,it digital,2020-04-16 17:56:26,"People also ask, Top stories, Thumbnails, Image pack",it digit 
183,passion digital ltd,gb,0.0,50.0,,,,,digital marketing agency,2020-05-09 15:42:52,"Sitelinks, Image pack",passion digit ltd 
184,what is a media company,gb,12.0,50.0,0.0,,,,media company,2020-05-09 09:08:00,"Featured snippet, Thumbnails, People also ask, Top stories",what is a media compani 
185,market://details,gb,5.0,50.0,,,,,android market,2020-04-20 10:57:24,"Top stories, Thumbnails",market : //detail 
186,which and what,gb,9.0,50.0,0.0,,,,which or what,2020-04-26 16:12:27,"Featured snippet, People also ask, Top stories, Thumbnails",which and what 
187,who's online,gb,1.0,50.0,0.0,,,,who's online,2020-04-19 23:46:11,"Featured snippet, Top stories, Thumbnails",who 's onlin 
188,digital marketing technology,gb,41.0,50.0,,,,,digital marketing technology,2020-05-03 02:14:31,"People also ask, Sitelinks",digit market technolog 
189,didgital,gb,79.0,50.0,0.0,,,,digital spy,2020-04-19 08:00:34,"Sitelinks, People also ask, Image pack",didgit 
190,internet channels,gb,56.0,50.0,0.15,,,,best wifi channel,2020-05-06 13:13:35,"Featured snippet, Thumbnails, People also ask, Sitelinks, Top stories",internet channel 
191,digital advertising companies,gb,28.0,50.0,25.0,,,,digital agency,2020-04-15 21:26:20,"Adwords top, Adwords bottom, Sitelinks",digit advertis compani 
192,definition of digital media,gb,13.0,50.0,0.0,,,,digital media,2020-05-01 09:26:01,"Sitelinks, People also ask, Top stories, Thumbnails, Videos",definit of digit media 
193,essex traffic twitter,gb,0.0,50.0,,,,,essex travel news,2020-05-07 02:22:09,"Tweet box, Top stories, Thumbnails, Image pack, Videos",essex traffic twitter 
194,internet description,gb,51.0,50.0,0.0,,,,internet,2020-05-10 17:19:42,"Featured snippet, People also ask, Sitelinks, Videos",internet descript 
195,detail online,gb,5.0,50.0,,,,,detail online,2020-05-07 13:19:17,"Sitelinks, Image pack",detail onlin 
196,digital marketing for financial services,gb,0.0,50.0,13.0,,,,digital marketing for financial services,2020-04-17 06:01:48,"Adwords top, Sitelinks, Adwords bottom",digit market for financi servic 
197,digital marketing colchester,gb,0.0,50.0,3.0,,,,digital marketing colchester,2020-04-15 08:27:47,"Adwords top, Sitelinks, Adwords bottom",digit market colchest 
198,digital world meaning,gb,1.0,50.0,,,,,digital world meaning,2020-05-01 05:41:57,"Featured snippet, People also ask",digit world mean 
199,small world marketing,gb,0.0,40.0,,,,,small world marketing,2020-04-28 02:51:23,"Sitelinks, Image pack",small world market 
200,what is a ',gb,35.0,40.0,,,,,a,2020-04-18 11:10:53,"Knowledge card, Top stories, Thumbnails",what is a ' 
201,the who website,gb,88.0,40.0,,,,,the who,2020-04-24 20:34:17,Sitelinks,the who websit 
202,now digital,gb,5.0,40.0,0.0,,,,now digital,2020-04-24 07:03:43,"Top stories, Thumbnails",now digit 
203,space marketing,gb,4.0,40.0,,,,,space marketing,2020-05-06 17:56:23,"Top stories, Thumbnails, Image pack",space market 
204,how of,gb,48.0,40.0,0.0,,,,how of,2020-05-08 17:04:27,People also ask,how of 
205,online marketing solutions,gb,2.0,40.0,5.0,,,,online marketing solutions,2020-04-15 09:20:52,"Adwords top, Sitelinks, Adwords bottom",onlin market solut 
206,the search marketing shop,gb,0.0,40.0,25.0,,,,the search marketing shop,2020-04-19 02:19:27,"Sitelinks, Image pack",the search market shop 
207,dogital,gb,80.0,40.0,,,,,digital,2020-05-07 21:34:12,"Sitelinks, People also ask, Image pack",dogit 
208,marketing channels examples,gb,37.0,40.0,2.5,,,,marketing channels,2020-04-19 18:19:44,"Featured snippet, Thumbnails, People also ask, Sitelinks",market channel exampl 
209,biddable media definition,gb,0.0,40.0,0.0,,,,biddable media,2020-04-25 15:38:07,"Featured snippet, Thumbnails",biddabl media definit 
210,what will be will be meaning,gb,0.0,40.0,0.0,,,,what will be will be,2020-05-07 13:04:17,"Featured snippet, People also ask, Image pack, Videos",what will be will be mean 
211,define increased,gb,30.0,40.0,,,,,increased,2020-04-30 11:12:28,"Knowledge card, People also ask",defin increas 
212,market sector definition,gb,11.0,40.0,0.0,,,,market sector definition,2020-05-09 03:12:46,People also ask,market sector definit 
213,what does .com,gb,5.0,40.0,,,,,what does .com,2020-04-21 04:27:13,"People also ask, Sitelinks, Top stories, Thumbnails",what doe .com 
214,digital online,gb,57.0,40.0,1.1,,,,google digital garage,2020-04-24 23:51:14,"People also ask, Sitelinks",digit onlin 
215,social media marketing companies for small business,gb,41.0,40.0,6.0,,,,social media marketing agency,2020-04-14 07:12:20,"Featured snippet, Sitelinks",social media market compani for small busi 
216,interactive media examples,gb,9.0,40.0,1.3,,,,interactive media,2020-04-19 11:45:53,"Featured snippet, People also ask, Top stories, Thumbnails, Videos",interact media exampl 
217,go umbrella time online,gb,5.0,40.0,11.0,,,,go umbrella time online,2020-05-07 09:55:25,Adwords top,go umbrella time onlin 
218,ccoast,gb,42.0,40.0,0.2,,,,coast,2020-04-22 03:22:21,"Sitelinks, People also ask, Image pack",ccoast 
219,media industry definition,gb,3.0,40.0,,,,,media industry,2020-05-10 16:45:31,People also ask,media industri definit 
220,coast to coast ipswich menu,gb,0.0,40.0,,,,,coast to coast ipswich,2020-05-07 20:14:22,"Sitelinks, Image pack",coast to coast ipswich menu 
221,coast digital colchester,gb,0.0,40.0,,,,,digital marketing agency,2020-05-03 15:27:03,Sitelinks,coast digit colchest 
222,digital space definition,gb,8.0,40.0,0.0,,,,digital space definition,2020-04-22 05:03:43,"Featured snippet, People also ask",digit space definit 
223,internet marketing strategy,gb,65.0,40.0,9.0,,,,strategy internet marketing,2020-04-15 02:06:14,"Featured snippet, Thumbnails, Top stories, Image pack",internet market strategi 
224,define: business,gb,64.0,40.0,,,,,business definition,2020-04-16 08:11:14,"Knowledge card, People also ask, Sitelinks, Top stories, Thumbnails, Image pack",defin : busi 
225,online service definition,gb,1.0,40.0,,,,,what is online services,2020-04-29 22:12:56,"People also ask, Sitelinks",onlin servic definit 
226,content marketing agencies london,gb,31.0,40.0,,,,,content agency london,2020-05-04 11:14:13,"Adwords top, Sitelinks, Adwords bottom",content market agenc london 
227,full personal service,gb,0.0,40.0,0.0,,,,full personal service,2020-05-10 02:07:25,"People also ask, Top stories, Thumbnails",full person servic 
228,sales and marketing companies,gb,9.0,40.0,2.5,,,,shs,2020-04-21 17:33:01,"Sitelinks, People also ask, Image pack",sale and market compani 
229,the help agency,gb,1.0,40.0,0.0,,,,the help agency,2020-05-08 15:25:51,Sitelinks,the help agenc 
230,coast agency,gb,2.0,40.0,0.0,,,,marketing agency poole,2020-04-26 04:51:56,"Sitelinks, Image pack, Videos",coast agenc 
231,what does encompasses mean,gb,7.0,40.0,,,,,encompass,2020-04-28 10:03:52,"Knowledge card, People also ask, Videos",what doe encompass mean 
232,digital marketing what is it,gb,67.0,40.0,3.0,,,,digital marketing,2020-04-14 02:00:24,"People also ask, Sitelinks, Top stories, Thumbnails",digit market what is it 
233,what does market mean,gb,43.0,40.0,,,,,market,2020-04-18 01:54:46,"Knowledge card, People also ask, Top stories, Thumbnails",what doe market mean 
234,web development nottingham,gb,41.0,40.0,7.0,,,,web design nottingham,2020-05-07 10:22:48,"Sitelinks, Adwords bottom",web develop nottingham 
235,be website,gb,47.0,40.0,0.0,,,,british eventing,2020-04-25 02:23:23,"Sitelinks, Image pack",be websit 
236,website marketing company,gb,48.0,40.0,7.0,,,,online marketing company,2020-04-24 04:47:03,Sitelinks,websit market compani 
237,constitutes define,gb,9.0,30.0,0.0,,,,constitute,2020-04-15 00:35:46,"Knowledge card, People also ask",constitut defin 
238,worldofdigital,gb,31.0,30.0,0.0,,,,digital world,2020-05-09 05:25:30,"Top stories, Thumbnails, Image pack",worldofdigit 
239,top marketing firms uk,gb,6.0,30.0,1.8,,,,marketing agency,2020-05-07 01:36:09,"Featured snippet, Thumbnails, People also ask",top market firm uk 
240,digital marketing company london,gb,52.0,30.0,9.0,,,,digital marketing agency,2020-05-10 15:28:03,"Adwords top, Sitelinks, Adwords bottom",digit market compani london 
241,essex digital media,gb,43.0,30.0,0.0,,,,digital media blog,2020-04-19 00:19:04,"Sitelinks, Image pack",essex digit media 
242,define wat,gb,15.0,30.0,,,,,wat,2020-04-19 22:47:47,"Knowledge card, People also ask",defin wat 
243,what is this ',gb,56.0,30.0,,,,,what is this,2020-05-09 21:26:03,"Sitelinks, People also ask, Top stories, Thumbnails, Image pack",what is thi ' 
244,the who net,gb,44.0,30.0,0.9,,,,the who,2020-04-19 15:41:18,Sitelinks,the who net 
245,what is all about,gb,0.0,30.0,,,,,what is all about,2020-04-20 10:28:49,"People also ask, Top stories, Thumbnails",what is all about 
246,internet marketing expert,gb,10.0,30.0,11.0,,,,online marketing expert,2020-05-08 08:20:31,,internet market expert 
247,best digital marketing blogs,gb,14.0,30.0,6.0,,,,digital marketing blog,2020-04-19 11:30:50,,best digit market blog 
248,define marketing concept,gb,15.0,30.0,,,,,marketing concept,2020-04-20 14:30:47,"Featured snippet, People also ask, Top stories, Thumbnails",defin market concept 
249,digital media sales,gb,0.0,30.0,1.0,,,,digital media sales,2020-04-16 05:52:39,People also ask,digit media sale 
250,digital marketing resources,gb,24.0,30.0,0.0,,,,digital marketing resources,2020-04-15 14:43:31,"Adwords top, Sitelinks, Featured snippet, Thumbnails, Adwords bottom",digit market resourc 
251,absolute pr and marketing,gb,0.0,30.0,0.0,,,,absolute pr,2020-04-29 08:32:43,"Sitelinks, Image pack",absolut pr and market 
252,internet marketing experts,gb,8.0,20.0,13.0,,,,online marketing expert,2020-04-24 10:20:51,"Adwords top, Sitelinks, Adwords bottom",internet market expert 
253,paid market research nottingham,gb,5.0,20.0,2.5,,,,market research nottingham,,,paid market research nottingham 
254,results through digital,gb,1.0,20.0,,19.0,0.87,1.12,results through digital,2020-05-08 10:34:54,"Sitelinks, Top stories, Thumbnails, Image pack",result through digit 
255,how to market b2b services,gb,,10.0,,,,,b2b marketing strategy,,,how to market b2b servic 
256,campaign marketing services,gb,,10.0,,,,,the marketing campaign company,,,campaign market servic 
